# Giacomo Aru, Simone Marzeddu, Jacopo Raffi
# AIdra
# ML-CUP23
# 01/02/2024
1,9.245374938379653,9.67121822905234,19.714772340209034
2,8.050350819261661,-37.59037448046897,34.095218414877394
3,9.657924003312496,5.705098791583989,20.06208773006741
4,-13.378229703297862,10.482032211817625,25.142542825140488
5,-49.785368374602335,7.316557946577795,29.984564224532875
6,9.07032110595591,9.505819038339801,13.342224740951186
7,9.212953539068346,8.894810856898882,13.45645287037255
8,8.429080300121909,9.565002032056427,6.81715984971814
9,4.597752123328338,9.64326753695147,6.358222645353967
10,-38.053837551998605,9.289288908224432,23.715036106274255
11,5.467879366059991,9.606756038176812,12.536754678329647
12,9.250576751302559,-47.00930606948117,14.57715433202649
13,-10.908749955025247,-63.50591802764653,16.662630927601796
14,-23.464236004312127,-51.899572441518245,9.234997692734288
15,-68.23656909638729,-4.109452687580401,5.2972891605236025
16,9.599055260657027,-15.753758266398814,6.775071499034983
17,-5.443832072255305,-67.21111248486672,8.995710521780762
18,9.041457559752194,-30.707796434664793,33.526945312321956
19,9.204062826601016,7.176845728183199,13.678833606071274
20,8.191649131773628,-53.414398696348684,14.72759746470425
21,6.784566624683391,-59.666872774646805,2.4141708989872157
22,9.200923668949615,-27.79570776051881,20.910122596193812
23,-47.18543691421438,8.32067303127775,23.64165117083408
24,-69.63424472370662,-0.5901566858698981,17.267694129319402
25,6.17392765038524,-62.88910319784348,2.6765692678857302
26,9.721422320749168,-6.505324184850588,7.551585237266197
27,7.33814405618662,-54.75003040316187,2.1455810095862535
28,5.115580820997275,-66.95081753865031,28.444023050595963
29,9.546917741590471,-5.569998839775444,7.5995332302221925
30,9.880818690933298,8.979259287018127,26.348332446559837
31,9.958611748631244,-5.46095318332209,20.906565470000334
32,4.407089962292536,9.618516857157424,6.340108938141055
33,5.565944477847397,9.898269601785785,0.5036687844033949
34,-5.580092964964526,-70.26967594572771,16.620382919572233
35,-62.55167249009631,-11.87123462580569,30.834802590979887
36,-10.03411011624319,-66.22564514148637,28.286057593736658
37,5.795352570609159,-61.500594665022916,34.32624107928112
38,-56.50599070256812,-21.02968132235134,17.031452179574956
39,1.675882927193454,-69.74346206266468,34.55477681474429
40,7.370442090805879,-60.81973505144032,9.422015003247664
41,-69.40899118962953,5.674831875522276,11.531238711872994
42,-0.08792755472922664,8.576814998059891,17.901064755414456
43,3.6944541640062223,-68.70164562212214,9.91056657861013
44,7.455252318781936,10.00567201234055,19.150638906919262
45,6.599018239284176,-59.733581630566334,14.980198500348523
46,8.191756460191838,9.653906019652307,32.352931694590566
47,-0.3303337934506896,-69.78488335820425,10.637279434868699
48,1.788805908441935,9.047644552008723,12.129014946781
49,6.212490675400451,9.849591007926733,0.47728842792185944
50,9.767557962025249,-51.654357064975244,27.607871197300085
51,-72.16416192903966,3.0662818162844765,23.780579951780965
52,-40.75063660679034,-32.65330549276829,16.614791634332295
53,-53.83343092311815,-21.70704756955489,4.22272746122659
54,-67.84653986915623,5.748302322568371,17.091074783093145
55,-1.7191138714475773,8.607771022236445,17.982650868057856
56,4.493573424388176,9.630863904696056,6.349058913482951
57,9.328380992567782,-37.000425520021196,8.535540307732306
58,9.36981078401419,0.826603948024232,1.6072524163216908
59,4.906313031142874,-67.15827669331973,9.552843865514717
60,-47.36325271844062,8.168671949823892,11.756690635822267
61,5.603527857417729,-62.213094526944204,34.41787269898819
62,5.870239083573464,-63.82975491801001,2.783327650357025
63,9.100079510347642,-37.78486062915483,21.551154672724714
64,9.769084068511555,6.845498517026211,1.1933675322898392
65,-39.95537084284846,-34.04514368675482,4.4021581502715765
66,-29.231499069275515,-45.07722806010318,9.739653286387544
67,5.040614136129788,-64.99357003214973,15.126202829558382
68,-38.91924476672956,-41.14752380956253,22.565414973096708
69,9.481697714275148,2.8557539281769415,1.4482690633540223
70,-37.83640635776879,9.322455330140748,23.747604000120962
71,-59.28812375590383,7.148840321625006,17.9514134207862
72,10.22858704287979,-12.977716511742887,20.166718639328373
73,9.059421988926546,-49.05320105527352,9.21026497961899
74,-3.657447567830909,9.780030152441114,25.128031516778567
75,7.636945495361092,9.678990209451168,6.7336339489436
76,-71.40993373782362,5.840427426742469,19.218326432081252
77,10.721951649190304,-5.417723441498691,26.987284042694906
78,-23.569126795235945,-51.74185748522028,9.267101512608221
79,9.583064140085218,-8.231627327718584,14.271793989982493
80,8.003841932860096,-20.551609461064643,2.5274805129311684
81,-63.14017849026425,6.704449902606559,17.636809354886804
82,-61.485218483709076,-13.142998943274165,3.8963908331345625
83,9.152005997511493,4.873712572369957,7.976520209884509
84,9.31667640028565,8.98304003200591,7.077464012483297
85,9.402366404518789,8.895554082010868,19.78858329378541
86,-69.44381199760633,4.255032030544221,29.352316464564915
87,-31.287909548418206,-41.788774607660514,16.366922453075833
88,7.298311044666709,9.806070987729822,0.5000559988643332
89,10.587066829959761,-2.8103316795302806,27.069161294011643
90,-17.740443359591705,-59.95665102033803,4.168127258150653
91,-18.388780226078488,10.831176885791308,25.05518187387379
92,9.843269566820096,-46.59367190813241,20.483665199662912
93,-63.61146521464824,-10.107454880621919,4.177700960362754
94,-57.32511671905737,8.399719134358094,5.405504561622223
95,-37.80716297863505,8.940444266505668,17.0224362171082
96,-1.5952259427617559,9.703398230219683,25.203090234864685
97,3.7155689204379545,-67.45337053663805,20.54729986137844
98,10.021642371954384,-7.0928329525216505,1.6679704704286724
99,-67.4669069609328,5.885462736137132,17.194298796072285
100,2.059767886027931,-71.33345169438121,28.13274898871952
101,8.912531433908763,9.527321257384802,32.359834163595366
102,8.839799326104275,-15.036949091024619,2.049271097505617
103,8.941250358246306,3.6087744372684796,14.061556449551013
104,-6.821487141097794,-68.31423115148066,27.735607647770458
105,1.689195094909131,-71.0756421419573,16.020809669572074
106,8.528615164990681,-29.082709678019526,2.3328135553703095
107,9.76097884336343,6.814746030993753,1.1951831968162026
108,-51.63133276844882,-25.39524371301996,23.12111732013463
109,-69.32611744814946,-2.6099249060214476,5.20328856068736
110,-9.157365504839156,9.493602248921729,5.8054800270942195
111,-66.23716581046276,5.199894596250722,29.371648248415166
112,9.65788221780665,-12.966746388836402,7.07493226280077
113,9.20845323762275,7.184249611113636,13.678561696056615
114,-69.3342368239725,0.8917172596839897,5.024984559399114
115,5.2804666767436235,9.904381534517459,0.5209169520963464
116,-62.17708515181841,-12.300160452752943,3.9444561233329054
117,-0.3508426976663621,8.609632580859337,6.249253221755678
118,8.984131298438603,0.10341793924274967,8.062663915312624
119,-26.6894250990342,-48.53670414041602,21.990414166139416
120,9.388439808514045,1.160007388094094,1.5939243768815299
121,-54.27297273928627,7.570936545131911,24.025413890155694
122,9.096772636252647,-43.45657640685839,14.832572348946485
123,-7.779613090073505,9.621271912195777,18.317243317118592
124,-68.43263952816771,5.823215222455939,24.692574824534823
125,2.042791279131446,-70.6691853309822,15.956018417291281
126,5.627696186966711,-66.0427067122319,28.409256159054195
127,-9.835980206468856,9.83854193706749,18.417857956167687
128,8.782387238787665,3.017191407879235,8.030787627426378
129,6.628583654834214,-60.74208282224406,2.484902497572529
130,9.55570279944663,3.5588654033719536,1.4034746370319269
131,9.935417589209012,-15.071897532911773,20.038058688540026
132,-67.0018043705358,-3.8637677342329777,15.879065998793127
133,8.48359017067502,10.206435566305686,19.463553884036227
134,3.1557698167963597,9.488118618316534,32.136240891809486
135,-25.579707960506273,-49.28950401392292,9.371079691136408
136,9.410673127570659,9.306160664478075,32.39728266978496
137,-45.2094807103014,8.541795154073398,23.615287005051577
138,-68.12936542791897,-4.254956267792542,5.280255871068372
139,-58.85288825525288,8.234335106911608,5.4042596800646745
140,-6.571871152100939,-65.14243105139823,34.91752711002172
141,-52.27146031920263,8.02691810878136,5.027825675371426
142,7.707756948646741,9.933417360032209,12.840305446162002
143,9.97736328535372,-9.390150835553769,7.476090020659001
144,-69.95354503168431,-2.452020286392754,22.543994419188973
145,7.433007108384741,-53.63330111323148,2.1154104917847256
146,-62.201215770617424,-12.29895175940718,3.9464646845223097
147,9.27902086276305,9.076837452860627,7.047622499374141
148,-30.607805110473137,9.436382674128005,31.22473763122364
149,-56.40103488637671,8.658248750449761,10.551516293764983
150,-70.30281925016146,-1.8237854316453,11.460111195789725
151,-66.5056912411125,-8.113800896538503,23.191681975892646
152,9.998561754579649,7.4798193680371625,26.535636636495422
153,8.29395973907525,9.632673268033791,32.354211321254716
154,5.7492384487234975,9.770017229857082,6.514567275355601
155,6.087986176726867,-60.24748930302685,34.21198598494433
156,9.172155061676266,-15.709273047373486,33.214403152722646
157,5.320933810735275,9.577519432953931,12.522586321066584
158,7.975434096352691,10.150278557601862,19.305717041537218
159,4.462862340458264,9.62910020995514,6.345000720291667
160,-60.78664622099157,-12.724415747216062,11.097807684330146
161,-5.980871961125616,-68.69911703492232,27.603882602082734
162,-11.865924504227994,-62.58389772573565,16.652199550032883
163,9.384801992895474,7.084696667861376,7.50985630959344
164,-18.786411284143433,10.18254369420086,31.760684123292506
165,-25.074953342662482,-49.85995082740153,28.94712877050256
166,6.791157903690307,-57.314936272545566,34.00520266294126
167,-66.86400370917208,8.262177110481876,11.574043788582784
168,-61.626858943818554,7.600573904315976,5.222162308653136
169,-66.36432225983737,4.6905148811594515,4.849894708224779
170,-43.43148180824178,-33.03252037093198,29.836131734881324
171,-39.38055359955256,8.574930708843201,30.36121356095847
172,-65.91887520900403,-6.036308425400712,11.138233127290672
173,-30.90517513202564,8.890852952010832,12.070761488453098
174,-42.14308616409397,-31.365104043703617,16.64365081891758
175,-16.965474129592856,-58.45521963142485,9.204286361888858
176,2.353430379618212,9.118871399386585,12.169279622678127
177,-57.90266750034882,-19.930342374641512,16.86638650719588
178,9.715895893353947,-4.394178701695482,32.90792122807584
179,8.858311649222477,3.438909374536088,8.038904195397404
180,-34.63764985692657,-38.925506758387115,9.804864217146735
181,8.580374932165372,-54.47240525032568,20.84939187329204
182,9.872646875781639,-25.220750646973958,7.6507036766102985
183,-62.61382928304691,-11.765406039183258,30.82262727863672
184,-5.500317549568245,8.567806773967796,11.45592829949097
185,-23.704829563800295,-52.744903575581105,22.633277287673902
186,6.07104042113931,-63.21442044900499,2.709309094449516
187,-47.377063851057855,-27.598661843693918,4.387828510565516
188,-10.127255877497927,-69.4348891873449,22.233744048612557
189,-14.684933375375632,-64.14926472237704,22.682307258589958
190,-60.52459126768845,-15.073143112748514,30.670334967977368
191,9.033575866688016,-42.41179220097584,14.873252779631638
192,8.968877216562207,-39.26368285065168,14.811127478840634
193,-28.58394409923403,-46.103219916072646,21.993109198366128
194,-70.97734164526099,0.6840716924908925,29.135623381313074
195,9.079538305780643,-52.90727218569465,20.76288670202231
196,9.405688989637005,1.9080915155214164,1.5333289556431868
197,9.17849781258147,5.055981577566953,7.949791305175493
198,-66.50992909683313,-4.9035570152721935,15.61782829903834
199,8.728268165727743,9.864331242619564,13.173516223483446
200,-1.6467824248154628,9.709864111982476,25.20551285221874
201,9.24678746559614,-47.31856654809703,8.872870969455658
202,8.609921928126967,9.589697655455577,32.3546160424401
203,-69.26671999381644,-2.722320343469759,5.227389488399151
204,-9.95567390237002,9.599863924529668,5.82345884842039
205,8.962313080277406,-53.244827488064786,20.780776190607515
206,3.927144468516115,9.506059188165331,32.216019444534076
207,-55.55959001548047,-19.204645051473072,10.741145110586142
208,-36.54873771081066,8.507539248829683,12.291505087021328
209,-12.858993742696786,9.930017244847615,5.665042332075734
210,-67.1145350384799,-5.075777104833385,11.05225903875251
211,9.654393072119072,-28.58560742462636,8.175124959217438
212,1.4316389153375546,-69.91020056813042,10.232136372428027
213,9.760405665852057,6.953049663303421,1.1875835016065128
214,-7.513452610603588,-65.47928106029232,9.660639280016571
215,8.80418617426601,9.8082897737311,13.20670783107203
216,4.848233269465753,-67.22636726432275,9.574759227173669
217,-30.669760041848612,-44.94967061165397,4.056028911194961
218,-36.960131032107924,8.97559322638223,17.00042326677776
219,9.967807530090317,7.97592492236792,26.4997575967689
220,9.961903098360201,-9.637050873138673,7.450270536727933
221,9.332975647626919,9.366113943595305,19.750797361328686
222,4.847835275095688,9.5046760196667,12.470546558785667
223,-70.78348950665429,-0.12417350506961533,29.030971839509057
224,-30.65351533168161,-42.366965393941825,16.36668529188624
225,-70.92245298683193,0.4323028054703961,29.094032059995676
226,-70.42658130199872,3.8815294436893915,19.390256358565487
227,-30.749702851605186,8.921433276633799,12.062016844578405
228,9.909976703512205,1.4753410373859275,32.84737939168886
229,9.451725769642868,8.663398556261306,1.0136936475786733
230,-51.00271395139128,7.894785818561758,23.724395402309508
231,0.3760896054807308,8.604104093807067,17.918216625792486
232,-22.713316363677926,9.280455499411175,11.964274365120112
233,7.902884002241764,9.634781697380859,6.760239203287966
234,-13.75032401393847,-63.24420288425172,28.482251833683883
235,-58.89737193045163,-17.213936035273196,30.835123426286714
236,-68.55914710042433,-3.6894642510539253,5.330448424505283
237,-24.010057664334045,-52.43122568952225,22.5253505433994
238,-3.67296795179161,9.768764596506216,25.124207035160325
239,8.31077167721101,9.579194024030425,6.8093164371885155
240,9.428793062988804,-1.6208505922234018,14.356576011831523
241,-71.10535509794846,-0.599867345995591,11.713557483822063
242,0.855848508194974,8.929871744972075,12.067631509313292
243,-42.09949422731266,-31.01939081610289,10.363971414599876
244,9.430384925160498,8.029476950451969,7.300692421685834
245,-65.20972759906091,5.874120609476641,4.879338113679326
246,-25.742382255740132,-49.10603933062116,9.372297856029704
247,9.107122209773431,-37.66587436090664,21.555407855135183
248,-72.1338260086135,1.6004330483522047,23.085374075022806
249,-55.524547980238395,7.4811085018041865,24.151326875759736
250,10.46570190160398,-21.854411203643274,26.891992274891113
251,-5.687277635938901,9.160334679658035,18.176409187927693
252,-14.746789998815382,10.133154561728656,5.695222253775652
253,9.817064601408669,-12.095453823051656,13.738979817279892
254,9.109287185524794,-37.584723114514425,21.55757008743162
255,7.963853430612486,-54.27956137052,14.776400350346705
256,3.188621082969135,-68.94160840115381,15.636585332285392
257,-25.596267483637046,-49.053130505214725,16.028259888745396
258,-0.14570426703504857,9.53946186310925,25.135906896345
259,10.53699328536178,-10.787562045394335,27.020879425399542
260,9.119295624660142,-40.43909552413332,21.31595476071682
261,-9.575110816474163,9.94631804030124,31.453743773798653
262,3.0375748891460788,-69.31865992013967,10.01848073292996
263,10.581638348879734,-0.7580175093952999,26.99407913539644
264,5.253699161652834,9.586545594019206,12.517110495795826
265,9.913912119983122,8.80383995252884,26.38309202146597
266,10.390466731867319,-8.435708806516017,27.04872192738415
267,-39.243769620478844,-34.8262052537642,4.342880588883798
268,-11.961590788537132,9.842043916791546,5.741163697723664
269,-46.275347253253855,-31.77936724625989,23.109008007801105
270,6.771845279125644,9.780120485814564,18.954881170746216
271,8.011810693019543,-57.47264085318194,9.653679372781454
272,10.727223145699748,-11.638604933737714,27.063348653980714
273,-50.60661660935024,-26.32247927098153,23.076224317723952
274,-63.37664149024482,-10.651048449807124,30.66796245034608
275,1.7611585496347217,8.667118913063149,18.048527600713545
276,-34.42454568157976,9.070677966174397,17.15480080409223
277,9.829633053604534,-21.356074260532772,7.144661339250147
278,0.8348944536618337,-72.13509541021685,27.8743137531307
279,5.349734459817869,-63.19307557712611,34.54647940825883
280,8.80014454471785,-51.57502259363511,9.553687427566903
281,9.653655825556344,-13.2647949510818,7.062700796851855
282,-20.974838846129334,9.469808990031744,11.994289496111517
283,-38.51128365772263,-37.08741603149333,29.773559447039794
284,-70.24550933764738,-1.3354131655429669,29.093022989631486
285,6.137954764122133,9.852314398778319,0.4785673982523093
286,-72.23473001316032,2.1424145581949325,23.346898449764538
287,-38.65599438611899,-36.86531134578276,29.870653150547483
288,-50.991361924835665,7.889419982707672,23.72387083647049
289,9.977701578528317,0.24552236914452763,32.79811916517171
290,9.462230473832653,-12.18150288186903,1.8957734175532206
291,-11.634712518628005,-71.27114683576104,21.180578086453945
292,9.329231156055977,9.413496433884042,19.74644529751488
293,-70.69232621980105,-0.3787251187776821,29.01801702285794
294,9.041616672763594,-49.63487467258321,14.48799920993831
295,9.027075461022458,9.602298435250713,13.310641897608471
296,4.7605766143173955,9.149560990451164,18.477981047206917
297,9.28682577971008,-22.818943970013624,20.470980608748583
298,-63.15018222269606,-10.960064218340714,30.711277279651306
299,9.327737951040861,-26.92469683478268,33.26091171533433
300,8.342340005170465,9.625006067651587,32.35488923706801
301,6.8659528398067255,9.8151394084759,25.473017730147845
302,6.883129296812916,-58.874121049586776,2.3639694920504226
303,10.018317554144973,7.741311510090597,32.699146833517034
304,-2.9062800522460304,8.53312978541718,6.141842324225369
305,-21.125109885234146,-55.10848134392727,8.713606173435954
306,-11.791949480025737,9.63254302274203,11.962440435238825
307,8.994443985522684,-31.505942859584643,14.440017080438752
308,10.72891279959722,-4.750636141273521,27.0662286769931
309,-70.63028002644745,-1.4105658778197707,11.564574677593951
310,-27.103531354440342,-47.933790568997395,21.986377784091957
311,-25.233152436973022,-49.699480690324975,15.769425728876435
312,4.57928464448028,9.399838878410637,25.185331381402882
313,9.816076188975236,9.263839361657851,26.279810230253027
314,9.093160562149587,-35.3412660259342,21.54731638819227
315,3.0310649108920735,-69.20624435376669,15.695172253799944
316,8.694133976462938,9.41666756816345,0.730003698497093
317,5.838359066959056,-62.529153968141,15.043646043425948
318,-15.679841797173706,-59.850287225722624,15.96068026616033
319,10.063777880830399,-0.7549685785992004,20.44777591768801
320,-61.262219098431316,-11.4990769831361,11.243487085677106
321,9.402705244785553,9.853167726185234,26.10032866556415
322,10.06792045414669,3.9803553764037822,33.099522761806355
323,0.5391663031258478,-72.18487599926051,27.834977898123878
324,-71.0179404506069,1.102807116300486,29.222113580840997
325,-10.288153782815762,10.5029853264552,25.2992124123942
326,9.376569816588406,8.80362640962888,0.9754734707770076
327,9.716102050464182,5.570645180016751,1.2588524079669838
328,-11.260500609508155,-63.166264733308154,16.663808832660443
329,-45.0952670049176,-28.8759678465982,16.73718698112061
330,-10.011836524750494,-71.24716514842925,13.784896942630454
331,-55.406414474101524,7.416580148957067,17.90724506409059
332,9.517252923606124,-11.802571405911175,1.8786536655194261
333,-28.954846098716395,9.673780089498052,31.32342615422213
334,7.261805507208917,-55.637355241781734,2.179453356738396
335,9.190209174341446,-26.953137750441073,20.792649734416138
336,9.254084032294434,-22.263750333269,33.52304445179226
337,0.8633844499570085,-69.89497851090304,34.59550498579644
338,9.032610774695675,9.349877723848405,6.941442562362749
339,-4.189792607649995,9.775196529261535,25.07512494477063
340,-14.265875929230354,10.47747441773431,25.088458772503667
341,10.00395908772885,7.06952300251147,26.5586366666286
342,-38.97250415227166,-36.41849114073955,29.994654331880604
343,-53.22972528600023,8.157094004099946,5.129763703039828
344,-54.88669816625596,-20.616740800018754,4.098982592005001
345,9.535776036616296,7.420441946165127,19.925142012828914
346,10.390671841143453,-9.5437388984235,27.012219579967457
347,2.4901725311971887,9.260339896265997,6.304965083372936
348,1.280596677173385,9.448152709460377,25.122513022386386
349,9.59973057847296,-14.570604345940575,6.903851911023821
350,7.514458577383879,-50.75983273454034,34.3707104555705
351,-70.50297909690187,3.7789358736301075,11.528712164859305
352,8.987385618293553,-31.125347462279613,1.9285960286384043
353,-65.18620001395101,-8.393306141631122,30.421329137842072
354,-56.935870387859566,8.66593319023276,9.326598389765836
355,-71.31034257232783,2.12283366467938,11.641374518700747
356,-44.06550874653439,-32.190102404209604,29.837570299705163
357,-20.342917453440926,9.568800472379635,12.032744749176047
358,9.32654047819309,0.37350513304179955,1.6003929883862824
359,-29.23991513652917,9.80229806003263,5.875733040605619
360,9.96466263692002,8.329945510356119,26.46374671912143
361,-32.38650469731636,-41.188194594707625,10.115485746502351
362,-14.498115837675595,9.760255475444051,12.013628445210962
363,-32.02274015708646,-43.03422052475693,28.830367774471643
364,-38.9272073491222,8.638639159897423,30.35835148553408
365,-53.3487483936459,-23.084609599112582,30.434952751986142
366,-45.85355806036357,-27.8707145430817,10.517369778178347
367,8.80404517182975,-31.97494254681857,33.81110599765715
368,8.27963014923221,-55.394697854164946,20.899896759352046
369,9.430257528694613,8.16247215235856,7.274909402426365
370,9.342028689625115,9.345981515173285,32.38706526172678
371,-60.309219279723905,5.834670746345317,29.08287857211174
372,-7.141538439805951,-69.97862508772648,16.211007521685563
373,7.109714018652598,9.90122207732179,19.04920432201244
374,5.739197666273766,9.772528901042975,6.513355733026975
375,10.039721563812995,-0.11656967585918743,20.38863062308869
376,-38.85398163251207,-36.55993984712471,29.96794436261208
377,-31.24501702285611,-43.76280634564405,28.930681293136168
378,10.14129833150261,-3.654711481573292,20.854134436873203
379,-57.975785263705184,-19.8557096806535,16.860465520829123
380,-11.272656628353442,9.61116677231378,11.940486992648342
381,-5.27509859801003,-68.0094447390066,8.536646279987389
382,-14.564502501128075,9.960858178729122,31.706185362499316
383,9.413206082899835,8.73976354982194,0.992321575671113
384,9.34059585498398,9.355844037560523,19.75339881245315
385,8.923614852471408,-14.730584755827456,2.02468027463331
386,-53.473700791315,-22.00873734441415,4.2703058382352665
387,10.32714458693052,-12.15235333628101,20.272227077425693
388,8.504270098953656,-33.48152335787743,34.02321427377024
389,6.979020686219455,9.849175807128056,19.013432434996968
390,9.533282566441931,-37.536531237090344,28.173148899694162
391,8.263707953875494,9.595093513216131,6.799533103705301
392,9.709271262709992,9.059479459404209,32.45348327187133
393,-11.8315099185801,-64.87120310933693,28.380727688844026
394,8.840901003599031,-51.211767358610985,9.525622608389241
395,9.371732060465424,9.86826914047855,26.08583909630496
396,8.318164950093015,10.050893049573808,25.8013518647632
397,-7.586050989468491,9.5689756311013,18.30454586405716
398,-49.133019655307514,7.951728888378348,17.566472673595616
399,7.492619986049183,-53.05703668431032,2.1026014432170665
400,-30.13779613676803,9.994276768842145,23.913006971327107
401,4.57204709303852,9.540405809345302,32.269039923198335
402,4.052140116753559,-66.66435872881092,20.543816860788063
403,9.959602039156218,-5.976794826688584,20.891612480549767
404,9.4387154955962,-42.65100691473707,8.531371769226572
405,9.682683840667293,7.944647627194801,1.1329563841737151
406,-46.83568489488542,8.361705041831776,23.642734538195736
407,-5.580903077322003,-66.42944549232446,34.77532904458816
408,10.063289736234749,3.9154491254035655,33.09844598596055
409,9.517969413708245,-10.74966434170975,33.16445781577508
410,10.141313566822353,4.721604847246386,26.777566935390738
411,6.80375563982267,9.74614300828809,6.655732114494246
412,-44.26695104321258,-35.30529596946036,22.824593526998996
413,8.230749770259743,10.049745795428326,25.78051186676864
414,9.501817706984907,-55.9478105800044,28.007795988144082
415,9.274914040338567,5.875026901513735,7.788469248520025
416,1.8931954423225115,-69.85653975438599,10.151013883091794
417,-9.861190748923168,-69.07921552312955,14.521045394269517
418,9.199516361836034,-13.561412114999918,1.9544480236252362
419,9.304519633661611,0.21496334272744555,1.5953764632276481
420,-69.76681241671582,5.116233416595897,11.519594319867412
421,-69.57887077127694,-2.453902421858592,29.32531962933753
422,-27.357806415820797,-47.225312482361346,9.423145799402043
423,-6.185225659539289,9.90993901868859,31.242280123354217
424,9.364205408820132,6.928185878608865,7.5503159399490976
425,8.913905985893111,-14.757932659273559,2.0271027436677134
426,-71.24692948221418,-0.4074381997913683,22.471278943170375
427,6.644884224884455,9.756049293149609,18.924719298407933
428,9.00494697172777,-49.64886520125806,9.317059334921574
429,5.2388544929083505,-65.19119796026983,2.9539662698612332
430,8.609469595358211,9.919841620275168,13.124472817062255
431,-62.273816497607584,-12.29421337301254,30.881827139261723
432,-69.6044200612637,-2.577611993420355,11.268099401812659
433,-59.30768819525304,-14.861124579432062,11.090405298885027
434,-26.04812036055206,-49.048068306072736,3.874804165938448
435,-10.40943970908444,-63.98915851619934,16.666774341399314
436,-5.847832067149683,8.609621879283054,11.455125602985627
437,5.156750504368004,9.711330454231174,6.431870774030001
438,5.448648987764633,9.893643584636038,0.5098066287141982
439,9.769824393508836,6.994814820058668,1.183891961048202
440,-30.05342044300523,9.529388942836043,17.512734680250908
441,9.076112020205445,-24.331791396252505,13.707648040347982
442,-57.23674024581208,6.286931461610269,29.07755578086805
443,9.50686591895679,-44.071661208296504,20.97432139652953
444,8.995662804685653,-35.05730933378892,14.746906510344921
445,4.618656506855441,9.541204272764432,32.27362039119849
446,7.456098365068984,-53.48499096453888,2.1117199636347017
447,1.2684608814707303,-71.95359912352087,27.950455941675976
448,-51.859647953119605,-25.207054557719097,23.126041930798422
449,10.238347920876135,3.177330246627996,26.964185928600298
450,9.357089330079143,-13.192804078148757,33.07525447069723
451,9.823023554056013,-7.080689149752553,7.5366976969517605
452,-9.948591980248132,-66.29609696534753,28.28154949269493
453,-56.20228478480667,-22.08345957643037,22.807379244513147
454,-59.89115909073883,-14.732778410598236,3.8671508696333596
455,-44.04375537307127,8.435721529892113,12.07229251961644
456,9.238994031931677,9.697910203111228,19.711967920665153
457,-50.65227709692092,7.765544212833078,11.170956090287456
458,0.029884476187005404,9.535330689171698,25.131746687493745
459,-20.194870605424057,-57.335323088140825,22.63640006102103
460,-23.768216382821336,9.876658250101503,18.02752602199031
461,-36.701277245252946,9.57371469077496,23.93890488725056
462,-52.90882830987865,-21.68701522786647,10.675929911340893
463,-39.99115788658492,-40.94830057197233,22.670548118804653
464,-7.051320564630338,8.887632519026482,11.565947084537907
465,10.667193854587866,-11.369101987663644,27.046541599200758
466,-69.39885161921079,-3.297190164653758,22.605207991728474
467,2.2032884305807166,-69.77507157337529,10.106997924528066
468,-37.30160469915155,9.228760998645345,4.832380861610595
469,10.214214787817932,3.4640029055116557,26.94498089255173
470,9.334091087639178,9.36422219846909,19.74886866374838
471,-43.733120086359456,-32.759527919094765,29.82172993685387
472,-13.191041166447297,-57.75265463351519,35.20719753423595
473,8.714409048950722,9.481460229042074,6.8702894462033495
474,-61.174314628819644,10.13621526291221,11.630181958228357
475,-12.111889719042292,-64.64806113669806,28.395560116063315
476,9.411762369087038,7.543629695864855,7.413241447064907
477,9.163722664549203,-17.61696074608013,13.134160277176452
478,9.481795992677158,-3.1190150777917722,1.6669038289309501
479,2.1944414625919997,-70.4676846561217,15.927178087608452
480,-67.86646525934776,6.02182308335987,24.731088393875705
481,-70.62328386922871,-1.4001507722245456,11.566149297366186
482,9.214061639727143,7.284686544027132,13.668122611816168
483,2.015148141466172,9.800161465266182,0.6615951127535276
484,-69.63728219822694,-2.355146047534147,29.300706109111584
485,9.694642557074514,-32.03259415505407,27.945801079050756
486,-14.756932355729102,9.763066404944965,12.030111853000049
487,-9.329567478477022,9.96427080051275,31.43023794674152
488,10.131577670305008,-1.824971195859705,20.615913177281996
489,-64.34167744558283,-7.139670501029407,11.260649365332458
490,-70.7203381286447,3.3881633211128275,11.5431618061423
491,7.131076308038855,-56.84399728243953,2.2397322139414566
492,-68.03251924378795,-2.1082559081565737,16.52229871230915
493,-26.323985564327764,-48.25932940740725,28.970071005550416
494,0.3056200650295331,8.751346532057603,6.265662357435071
495,7.1101392325356745,9.821559085599656,12.709501038313768
496,4.477169483176096,9.539314828992385,32.2621263852369
497,7.046969865857134,9.815311808497231,0.481753477843224
498,5.803542565426495,-63.99018673078086,2.801887985860313
499,9.413951530356512,-40.95526139908604,8.496388101191457
500,0.8816130315209953,9.47434295422703,25.119625310032035
501,9.373040055596745,8.733401596855817,7.144108417441116
502,8.406229280802483,9.626403974159356,32.354165463635155
503,-58.616028228517,7.2345432751548415,24.442627457576922
504,5.714443806670852,9.891475787539065,0.4974565766340824
505,8.364203116719205,-17.466247666632256,2.2674495256868745
506,9.25064673393687,-1.7139655545404047,7.9918522830426095
507,9.916201359615416,1.7504916554869148,20.344994483372133
508,1.554250792825746,-69.77735621644048,34.561588513494385
509,-1.2370117857209522,9.833444777572822,0.7463826732544838
510,-64.78234214478132,-6.822658506936534,11.226418084983678
511,0.7769732553066824,-71.76404817364138,16.185406462238046
512,10.022461275073864,7.901556661053899,32.673635322195295
513,9.378739912652692,9.015281934557454,19.778923010953367
514,10.376632448860876,-9.294164839358825,27.01776273410669
515,-1.6039569100840332,-71.5544677026129,27.710234785729583
516,-40.90436687728059,-32.49749722530474,16.607649843543033
517,9.127968701781208,6.457923524855165,13.760668309556035
518,3.8149074858796777,9.503053007966091,32.205581962182166
519,7.611346533868415,9.753366559850292,0.5308098555804897
520,-63.891884149521665,-9.977949714003746,30.579974424547586
521,8.372153362143012,-43.09698385161313,2.897146792004758
522,7.402589926296814,-49.549958455789536,34.53433392011625
523,9.189226370787685,0.3118863975507402,14.241085929061716
524,0.22496725803088324,-68.37184091553269,3.3931669096338215
525,-11.209008187215828,-66.9572599971908,22.71236223965412
526,7.9877532136437654,-45.50089685758668,2.5219861112765454
527,5.3195831223779155,-63.29677954746168,34.55982219430591
528,-29.69663061653599,-45.12121313407268,28.99960198257465
529,-2.800779496688369,-71.47184087571566,16.84080191800914
530,-68.65580026320178,-4.450103012360829,22.6847145141775
531,9.245917373030588,7.931618565378088,13.586716798163625
532,-8.809174205701973,-64.91257615495584,3.8728500167216833
533,-9.737746033285763,9.577865413973232,5.82073437283629
534,5.877259503964607,-62.42344652500644,15.040117562748513
535,8.906831717816997,9.755342896922695,13.251829792494974
536,-30.91651146372282,-42.93712582964227,10.116313808044513
537,9.709579017256948,5.304571525791541,1.280507114665859
538,-0.3931709140490529,8.60564062905516,6.2476122181999685
539,11.001952456583636,-12.989744246999766,27.128956035184142
540,-20.708565302059327,9.516448864591979,12.009624217810455
541,6.698585862900062,-60.26821482795384,2.455514573754458
542,9.652177161985877,5.805499332162793,20.05500505634156
543,9.035271983050675,-27.819999132695905,14.062711854339934
544,-8.974361075752682,-61.99675996232213,35.183445147407994
545,9.508255862211735,7.672376741215864,19.897440124706048
546,-9.592057746740856,9.492694706143826,11.853597182318595
547,4.937539034777595,-65.27307382060614,15.143069867451947
548,8.867671822900581,9.329031036294005,0.7762489445863103
549,-70.45022102298634,-1.632851488304075,11.509713237374172
550,-33.37173652470192,9.835838312931333,23.931854089206766
551,8.15739228685616,-44.12370968793226,2.770816960812244
552,-2.962867175321202,9.78628314592019,25.189496111810403
553,6.140098028138196,-62.99008367957369,2.686550449566722
554,-19.11692291578027,10.175970850576245,18.200126341854045
555,-69.91115175481444,-2.255198460935148,11.346689446460118
556,-70.54212884675583,-0.7501008690732114,29.02483305289738
557,-70.83282026997907,2.6004745739266006,29.484623454961973
558,9.06782558193037,-24.16813250315485,13.682078748988175
559,-56.390335453152524,8.401725785791943,5.373557007744266
560,8.651419484329137,9.586696477146592,32.35390281365727
561,-10.428028805262905,-64.13685307463983,9.68662273746521
562,6.54610555566717,9.746189784463617,12.626743996498453
563,9.568525674719856,-18.221520305419432,20.18221243434258
564,10.600818831761687,-1.3945717499210382,27.04045756211531
565,-11.232775804857983,-67.51967737933924,22.558362042214526
566,0.6790492571493196,-68.39773272023473,3.4047923870393806
567,-53.32479673007722,6.908073635335693,29.43716290990723
568,-60.84905975762162,7.822301482728761,5.285331294848255
569,9.528111311856813,-44.14593789841021,20.96264981777651
570,-24.479801633561358,9.888606102504209,18.00112455677604
571,3.6719987798579368,9.349427888918434,25.16115841404669
572,-36.0421462625619,9.496017230941948,5.351613826962415
573,-33.72296253816112,-40.954788816080004,3.945614829885944
574,8.218351980466617,-35.32333088249469,33.994100338803555
575,8.842681784304327,9.447657772147675,6.894676284184047
576,9.612723968222182,-5.441514999863516,33.030703496632654
577,10.00730105652118,-7.639840041050624,1.6512302579203837
578,-3.8886339956295615,-67.26833450657372,3.3742658237799894
579,-26.258056216248153,10.236536410169546,31.671826470320855
580,10.094142005272614,4.6639877231207265,33.078311259533294
581,2.2004788993276296,-70.45804206564411,15.925412807104331
582,-37.1661484911449,9.275800930886213,4.911383699628114
583,-62.68449219658045,-14.162356064525666,16.606495923743896
584,-68.00841246628127,5.975920126563491,24.72671041344768
585,-58.38607960024335,-17.85076203938554,30.862588949327808
586,10.111684557932202,-4.039684372503498,20.893060376598747
587,-17.080650337856014,-61.907830969379006,22.491769517751464
588,9.15973559731602,9.190426052342826,13.408312956128231
589,2.5231383708000124,9.824303276538977,0.6492681636412563
590,7.270238554380539,-55.523013235118796,2.175216965586584
591,8.038678734204746,10.024036231946866,25.73769000093108
592,0.26632023224887824,9.763291486224048,0.7068870787703787
593,-66.04216558993627,-6.775588447765866,4.777671937806051
594,-43.92938769031743,-32.48673052058945,29.82740979142016
595,-33.13576533447129,9.627331731390623,5.782793322233227
596,-40.58713598098957,8.969104083487437,23.575808490227047
597,-37.15218517136775,8.967976144051487,17.00141665038551
598,9.43664391135385,-2.83032554727021,1.6480084729299342
599,-5.206271776199339,9.859484305235249,31.217006797817305
600,9.664553700277663,-12.71026792034878,7.083782713654308
601,9.583458830905771,-5.809644114682971,33.07272514366974
602,9.490423777432985,9.78274301334724,26.132624886312662
603,-1.4337664734077542,8.692339016332294,11.848699668198238
604,-68.63437579694117,4.628305152428329,29.310708234633665
605,7.500862353683134,9.948012840853778,25.6133065555402
606,-20.331962712936893,-57.12915672244374,22.652828496605103
607,9.502171757012656,-37.015748069703314,28.199415239143573
608,-60.14133858756227,-15.625720510645104,30.660804549533683
609,-6.277804781005092,8.83228457212413,5.7318650133775435
610,-56.79744380623611,-18.383832301941712,3.944794731148084
611,2.2359083931182493,9.188885908118081,6.3049484030705845
612,6.778071070178841,-63.11366080939172,9.209570467998397
613,5.420603601658668,-63.89459815508154,15.08174564307853
614,-29.649030474258183,-45.05770866401869,22.078660774873484
615,-0.7270646486438679,-71.94086590815273,21.228352200114905
616,-60.185747017548096,-14.414767846683185,3.8662346117331996
617,-71.28780474781813,-0.32236780177509416,22.480986549089742
618,9.25277302171486,-14.323810110971323,33.090081383473624
619,-10.788814748636819,-64.01675790895128,4.112990410476298
620,-44.11872136143641,-32.04649250029111,29.839396260103292
621,-52.12941102782133,-24.621598718642655,30.1916995362876
622,-23.678633488729965,-52.167305607695695,3.5863687784908205
623,-26.945027994518632,9.17265476581819,12.002481846548475
624,-29.545937032671745,-43.33925271446523,16.41719479194768
625,9.582130577285541,-7.633629667837022,14.388745425072276
626,9.018215316990608,9.362608721858347,6.9364761570311355
627,10.186533022899338,-13.289961585287788,20.1289437380297
628,-45.80297553702314,7.349479278014147,4.247122629509841
629,8.970907247977804,9.253325917359874,0.8116330398249545
630,5.477862611511226,-62.74918041814787,34.48733415181652
631,-58.36823073263951,-18.08733603616366,23.486082803114208
632,0.8031636793747836,9.759359619495104,0.6919186028999178
633,-34.359022549428374,9.816066841655193,24.01255037246827
634,-6.228229880600502,9.914123922823663,31.244113666621878
635,-54.66657682325059,-20.855056977661967,4.121313984976579
636,9.584412003146833,-7.55677057337917,14.40227582898337
637,9.23879722358094,8.717008973645584,13.478172766928527
638,-52.24181355163919,-24.927957967680065,23.131212603885473
639,1.9294115773353564,9.416915522047415,25.13240553364659
640,-34.742838568907764,9.05108503422542,17.12739109775973
641,-2.7643000984543438,8.583800127701789,11.703994992921665
642,9.518500084181687,7.626925012545442,19.90285712010771
643,-17.028189421981246,-60.669147995103984,4.227422393577367
644,5.922786244477335,-65.47096859106006,28.37990350702791
645,-61.96296617099257,6.949897492377836,24.564754903097565
646,9.627296559766824,-34.4916654402438,28.30055033273939
647,9.078040155037522,6.218203217135091,13.784851300004153
648,3.13480341699241,-68.64336255556704,34.55564162697128
649,7.851845627712555,10.125765784604145,19.27211181481366
650,-67.13017614030487,-3.5904153378456964,15.967696512481899
651,-2.19858866103376,9.755024751609792,25.216021966300808
652,-38.214901504968495,9.056191933907169,4.020612818631472
653,-63.37927469344436,-12.518964059248653,16.50052180403499
654,7.46988269257689,-60.4222337698577,9.460361443150207
655,-32.91045978352505,-42.281606266666884,28.67736346935059
656,-18.52321816039648,9.81608918891347,12.156020708548718
657,9.237193678570355,9.705241999276357,19.714545675877172
658,11.216717508024535,-37.940852950035605,-0.07929114785932967
659,7.173626089722104,9.727955435829866,6.691979947814605
660,2.911702893000017,-68.92508902778178,20.700751690136766
661,9.484880799714935,-3.116118852951674,1.6665486455042853
662,8.840656558491771,-51.210861194699305,9.525462643377647
663,9.65972908063664,-18.41650337584632,6.871176882976972
664,8.253320063201555,10.056079716341028,25.78697339343391
665,9.400735832599873,7.460134541908555,7.425727267603598
666,2.177798442359393,-68.08242001082654,3.373336693247662
667,9.944436161203429,-5.778744826128699,20.896564057727687
668,-16.68232081545159,10.075856803886076,31.689717346889772
669,0.921488693055176,-68.38946689193541,3.4084323104467966
670,-72.15227314936315,3.114131759363815,23.80036468115921
671,-71.021425354018,1.1715603736487061,29.2368110432976
672,-29.403058436899933,9.66968815877588,17.598732545489383
673,-46.844097058365016,8.130319084979007,17.339167831795102
674,10.09166772334475,4.904476766169925,33.06195680879813
675,11.166806440802956,-14.97307755012784,27.119650898870617
676,-71.2619270437598,-0.2611836517391417,11.743681725748921
677,9.351312671305072,-19.032038995316334,33.591384472430846
678,8.05504814613406,-37.64440484574244,34.09419496662315
679,9.698484871393775,-19.3257037440922,6.9580858789070685
680,7.333365582084463,9.714403306902295,6.707352631042545
681,9.390720949401333,7.420705817405079,7.436524919772953
682,-6.722221590761816,8.810506080348247,11.516050079743625
683,-61.26807024275431,7.698703291957923,5.253701189462669
684,4.185518241477352,-66.9455062030542,34.58696091301674
685,8.534730606429866,-52.10574638777037,14.64225101334301
686,10.532134148536462,-0.12606452909932564,26.943735862637283
687,9.371378699364444,8.781432164596843,7.133053569415052
688,-0.38711519706242115,-69.78529485534594,34.6162320307897
689,-53.85554084636902,7.675292665509367,10.306610217094914
690,-60.42255360126658,-13.433169505854766,11.03399607138755
691,9.093171189583755,-39.12591545843698,21.468145544703415
692,9.43368033694505,8.099156674875243,7.287426721545829
693,9.333350522569758,-4.071005139743868,7.685181825193631
694,9.151937927102596,-0.7665127361100144,8.062301690158986
695,-15.524160742819774,-61.95430083475388,4.322132659401891
696,-5.011400591021756,9.03744410114978,18.16864578639988
697,-63.7821173488153,-9.845172395230975,4.2135116105531
698,-21.175409321762857,10.268295646829078,5.7996903118693
699,-57.74736757037753,-16.67268990972336,11.159234987264174
700,-4.13459649027103,-70.86707385344928,16.802954146358477
701,-26.744083046276643,9.176961330330357,12.003662611883328
702,10.427532723700748,-7.911345243728217,27.059975677178336
703,10.009870701123516,7.052842363623615,32.80081817230534
704,8.303527119633822,9.586657432225525,0.6419645499061666
705,9.147805971774991,9.257735614932589,6.981117035901393
706,-36.41679007061063,9.022401416043063,30.594858753237684
707,9.078240530153513,-48.92243877180684,9.185995768585396
708,9.00352292382493,-49.54603959581844,9.302621415477303
709,9.548988327504633,9.210479645688835,32.42068154015584
710,7.564666618853478,-52.109466956768216,2.091216407956008
711,6.298006301768735,9.652481012936114,32.349748021809575
712,6.8606328287344684,-57.013535475059854,33.98297847230612
713,10.214847155436034,-25.231580322341046,27.39297575580409
714,-14.282838569318903,9.944412195364688,31.709310680395504
715,6.461298771785602,-64.4582315895591,28.335752849576423
716,8.999735191167344,-32.614641542143204,14.58969177174076
717,10.509100882552795,-10.634681543450201,27.01647526547178
718,-0.5649084953686128,8.566067498575531,6.246150559430893
719,-0.8391168428768303,8.757829580679864,11.912111832790536
720,-26.068863663140192,-48.580779794711574,28.966818288152904
721,10.115967949334044,-1.7268743536138302,20.598811961073142
722,9.111005926831693,-35.428407347939256,21.550412362697305
723,-38.62932245569244,-34.549759165675496,10.060145371404804
724,9.583172343663259,-55.42728516451041,28.006108448348293
725,3.565971548990264,8.893579988396475,18.28594082124028
726,10.08630986323769,4.3117441209851215,33.094325526246195
727,-43.978966311001265,-35.73143734354963,22.810377711119976
728,-9.273834924452576,-65.96208269331733,16.20322040156117
729,-0.06549776420918185,9.678164016382247,31.82402898055461
730,-69.72471539419064,-1.2869449071347976,5.062171642858596
731,-65.54153200653163,-7.0007009907165365,15.456342279490448
732,2.5904025266411175,-69.20480581439836,34.54009450025911
733,8.979334208163687,3.984742915238513,8.038707592285695
734,9.420690673320477,8.542191216835704,7.187484611708188
735,8.596336599428016,-51.812902481441384,14.619868669510115
736,-71.62449602712682,3.9376513878755333,24.031523072919196
737,10.082683983383903,-1.1992847779927747,20.51153591691379
738,-13.790269109562097,-57.111072537583055,35.15490621607877
739,0.32784239748638555,-71.1760869541493,21.164128973987207
740,9.959755787246285,8.275939200745878,26.467215701250844
741,-46.345191043382435,8.184804372589184,17.287382702565417
742,9.285677721479741,-25.480619492410923,33.35806500755065
743,9.544786276878897,-44.266118353753896,20.93958551270629
744,7.086941374745544,-47.13680325861953,34.75034519866368
745,1.1398675240581984,-70.55481303670587,21.075665870855115
746,6.025347735072534,-61.86946987970468,15.030900726837864
747,-37.02719605028132,8.947332625221613,30.482636434651415
748,9.358013242630017,8.840837378908478,0.9618244148821766
749,6.220872850158466,9.712683942573506,12.597256943208468
750,10.583590287305631,-2.4713044143539395,27.060315686827675
751,10.714926495316123,-5.497540563231432,26.97747937551518
752,9.375306784020852,8.733269734781643,7.140459763406437
753,-32.148916225323404,9.213377678834437,17.303682275277023
754,-10.657684329874245,-65.76568262613702,28.32132618232805
755,9.137484734301784,9.260964198717957,6.97663801056599
756,5.266967866291344,-63.48076697335851,34.58156227456793
757,-21.3756095041551,10.793697486644671,24.88664951001542
758,9.193517095361274,-1.118920951384288,8.046880049948255
759,-31.541197360626356,-41.55822334615844,16.3713395964981
760,10.080927427918764,-6.954417980973815,20.8332652122857
761,-44.98976890370581,-28.656996864815156,10.478309224131461
762,-70.68228038110105,1.10580652962663,18.156510218720282
763,10.6135735803746,-35.14327934946256,0.4002379260311635
764,-38.74427669792461,8.677064029370314,30.359646177020466
765,10.133721389189626,-2.39345001114612,20.696495004464463
766,9.923886782721754,1.6323709749941493,20.3476599716085
767,-70.1217292988815,4.507477795018584,11.514727269956083
768,1.164938005333294,8.97384100953754,12.087339527381816
769,-5.352677512400067,-68.94894087369158,27.60083077421676
770,-55.81561052104812,-22.657484016979083,22.675718208216644
771,-49.809874821837795,-27.14793160368574,23.01726918624839
772,-1.8335186556793612,-72.25250752750975,21.310071059540956
773,-71.37870584032765,-0.16897151698438684,22.498356765990838
774,10.58043657090086,-2.4713300580666058,27.05963413678812
775,-29.61559707980272,9.614438756574327,17.570139713160945
776,10.047341964561118,5.611139206347019,32.995478092667916
777,-7.127319754596783,8.915545894245227,11.578872258911465
778,5.897698669059514,-63.771501697681444,2.7769488596048593
779,5.697049899894042,-62.99980979021147,15.056035110794003
780,10.009258704562276,6.6339801662862605,32.86255825589905
781,-67.43549452005807,-6.577337478331918,22.963857432050673
782,-10.395177002757933,9.572658042836661,11.893946107722734
783,-20.901839908606178,10.267080573782327,31.91998116277442
784,-63.39638759226021,10.091913657258054,11.631328017849459
785,-25.1062724589668,10.414552701331747,31.81822874275079
786,-51.218721341309966,-23.21668309794249,10.528998743791515
787,-51.231379060053804,-25.743373077758424,23.10646120662834
788,8.992271664222914,-30.564644020920483,14.319423022957649
789,-30.8182097224201,9.713563715326842,5.854522981368746
790,8.110346197410928,9.661899551851509,32.35208947385781
791,6.764778999477693,9.778293250319816,12.653449546969615
792,-23.101081569598556,-53.34309342270055,22.826421711692376
793,-15.942556739586088,-59.343541350431025,9.357699332875725
794,-30.558345978773275,-45.083123490278396,4.070678880276725
795,-62.454267861392765,-12.011377670192918,30.85210754385124
796,7.526243620603408,-57.54047813482612,20.997964372641814
797,-5.447048961179853,8.55434510945463,11.457592360732727
798,10.017505826653027,6.670177013766597,26.577921832955955
799,9.85827781316224,-10.823836704429965,7.29021422818367
800,1.4518976559686294,9.011063677318052,6.292431688258166
801,7.656675515281703,-50.567346569843,2.0844402324147318
802,-11.592971928871812,-63.73020844190472,4.198519465765159
803,-69.44600414088085,-2.3769519076471735,5.159427394528969
804,4.655771827960299,-67.50408631157761,9.641317953321082
805,9.310626777399259,-26.433208026637374,33.2940445593782
806,9.667105786301962,-17.119875645722473,20.100205090117036
807,-39.78321118682326,-33.528016614983,16.66758459059016
808,9.924509873421188,2.3483259285593334,32.94074860840833
809,9.752410984246522,-31.464633098509665,27.916616857670938
810,10.154580989715472,4.542244421855784,26.80584692178382
811,-6.126412053102116,9.25869365145574,18.200419025983646
812,9.36430564975498,-19.159093809142032,33.592983520348184
813,-21.840263596536587,9.919524792663495,18.069361103310623
814,-65.33319024377305,5.765084692737048,4.870238946672451
815,-72.11310927954929,3.2230552275967916,23.844273066091542
816,-53.47857278452559,-22.929327429372947,30.47054907544918
817,9.010029603816124,4.194018154207072,8.032360731339791
818,-46.825603217760715,-31.16402328519564,23.100175636572946
819,9.720868212928602,5.621246851687523,1.2546451467566566
820,-13.031973294165065,9.946650374704351,5.65615690845285
821,-61.65341691992536,10.216295637721618,11.64405884119967
822,5.087698528448863,-66.9992263933496,28.44527346916955
823,-5.098633285259726,9.04987567312709,18.167709052717367
824,6.175681170724884,-62.88759262295686,2.6764351098384402
825,9.924366292862087,1.2464569248598636,32.83264930026931
826,9.926614287955863,1.0171326717971247,32.81843387816578
827,8.812369999171645,9.823202768233735,13.206884924428405
828,9.776824866136648,-9.911299681603339,1.7522181534814791
829,-67.15714785048291,3.712071215279451,4.871829741745133
830,-65.15625946506357,5.34458953929677,29.38205896990151
831,10.06353379810088,5.448054382548573,33.01355011525554
832,9.869614130845411,9.054452413536922,26.33223628286757
833,9.667216864707695,8.057375060624622,1.1199742566824646
834,-2.774244924587311,-67.66458928290074,3.3370535970313586
835,-63.66134364044336,-7.638457466090074,11.311797326520193
836,-69.15444891018022,1.1839793742905087,5.007530613656616
837,-11.80500920670248,9.817754295491113,31.69892256963291
838,9.49067615382865,-2.3618186742272442,14.3674557960058
839,5.393107214284855,-64.90503534213119,2.9141735940774876
840,9.401951413823971,7.329915024966681,7.456525640592064
841,8.306697209720562,-34.59390710581616,34.014340280210966
842,9.593505946271266,-33.71825287650734,28.13658465243749
843,-21.302520481934188,9.94176886153128,18.077948463373385
844,-22.121316838929644,10.227208057085083,5.82591531469558
845,-22.948533952380224,10.384122091157135,31.957413734707096
846,1.5863675028863504,-71.17719051837364,16.03822727364766
847,-5.322477599401167,8.551785304101344,11.462097434049891
848,-32.100223797264945,9.345962451460675,31.219779319737583
849,8.958192342268054,9.689769113117016,13.277654319099673
850,-22.746065695508847,-53.10916421594776,8.983668054557956
851,8.376797989071465,10.059305745848231,25.81746898572611
852,-20.092132877128215,-55.127225319909854,16.072071840807595
853,-13.760350737645622,10.021702929850221,5.648313152241887
854,-0.19818790836565192,-69.80826025657109,10.60662382446328
855,9.230753866991586,8.3612507292004,13.527046003312623
856,9.530426293304954,-5.523676356745327,7.600976910051884
857,9.941440624866422,8.610856328515865,26.416822380796795
858,-10.456373056128296,9.662395642377241,5.823420049674265
859,10.012728552878924,6.184075593955516,32.92631127759689
860,-71.00801529542473,1.6558239288309018,29.3406918217004
861,-47.25861565390676,8.106315951212586,17.383541703134362
862,9.909852020394931,8.825934598389896,26.37941085346918
863,6.419129060720289,9.728116054827886,12.612268149019675
864,-26.747388091863275,10.290972647404466,24.16482624705047
865,-72.07462116031687,3.320442921697815,23.880666319151075
866,10.161116297206926,-3.4020669422056606,20.827570483617507
867,9.966589980503509,8.361202946048007,26.45872564008551
868,-68.10033725484311,-4.713903311463392,29.87012656566288
869,2.140217137716464,-69.53555136075448,34.5435189132119
870,9.31222993653788,-0.5933021714944875,14.304601246914755
871,10.169998568291037,4.057741651092613,26.87669584579377
872,6.103845140650039,-63.14362501213736,2.702140026327328
873,-2.9676751977039473,-68.99811570552619,11.192900515178671
874,9.68330572158551,4.720316289800753,1.3312613344136661
875,-22.71854350831464,-53.15997587354123,8.974949102776154
876,0.7171867977633557,9.633567596509103,31.898319381416528
877,-19.6917653334281,-55.71334412579387,16.079760516598174
878,-2.897107652879317,9.772771279464582,25.192184450273306
879,10.35351969856149,-9.674240878607993,20.522674080603863
880,-3.0288242674124177,8.73841665892628,18.131810238734722
881,-16.814293539945005,10.71905737894718,25.071490645107257
882,9.224987862975885,-1.3474852955611922,8.029478803736206
883,-30.796389066236124,9.40787866841207,31.222871340022316
884,9.326130317069923,-35.37407292303118,8.56520773837917
885,-67.2542510401088,-3.3457062480280886,16.04830631579317
886,9.557613541654602,-35.91494846758572,28.314331314351875
887,9.299299331759945,-16.49432367070238,13.149799609890666
888,9.056554460077114,-22.116679825699286,13.47677077375726
889,-18.41405790454946,-60.2607329742948,22.423212389335156
890,2.7250032774190025,9.186124929452241,12.201972894349646
891,-69.67878220724732,-0.5614220496330269,17.283797232313717
892,9.324211063555053,-36.670321210357386,8.542841491921408
893,3.0427236853273687,9.362242499820997,25.1507725897579
894,-69.55027329226886,-2.6232561207062908,11.256880929599468
895,9.814197364128182,-11.809482130658596,13.788363310572635
896,-2.013771930776821,9.745552032643413,25.215231683988122
897,-25.666853216673395,10.054215446586408,5.875438652643821
898,5.746007219582063,9.887626510345768,0.49551833847485227
899,3.4630843459695484,-69.58686423817944,28.41465182917748
900,-68.9282634994555,6.3462453681461355,11.544537612986616